Tamanho,Tempo (segundos)
1000,8.297901
2000,117.293742
3000,570.509105
